{
  "propertyFeatures": {
    "profile_use_background_image": {
      "min": 0.0,
      "max": 1.0,
      "mean": 0.8824610710144043,
      "std": 0.3220810890197754
    },
    "default_profile": {
      "min": 0.0,
      "max": 1.0,
      "mean": 0.7361196279525757,
      "std": 0.4407622218132019
    },
    "verified": {
      "min": 0.0,
      "max": 1.0,
      "mean": 0.023777423426508904,
      "std": 0.15236437320709229
    },
    "followers_count": {
      "min": 0.0,
      "max": 0.6931471824645996,
      "mean": 0.25931990146636963,
      "std": 0.09375888109207153
    },
    "default_profile_image": {
      "min": 0.0,
      "max": 1.0,
      "mean": 0.06557176262140274,
      "std": 0.2475471943616867
    },
    "listed_count": {
      "min": 0.0,
      "max": 0.6931471824645996,
      "mean": 0.08900075405836105,
      "std": 0.11824570596218109
    },
    "statuses_count": {
      "min": 0.0,
      "max": 0.6931471824645996,
      "mean": 0.40880078077316284,
      "std": 0.10993616282939911
    },
    "friends_count": {
      "min": 0.0,
      "max": 0.6931471824645996,
      "mean": 0.3751501441001892,
      "std": 0.06717636436223984
    },
    "geo_enabled": {
      "min": 0.0,
      "max": 1.0,
      "mean": 0.2508885860443115,
      "std": 0.4335510730743408
    },
    "favourites_count": {
      "min": 0.0,
      "max": 0.6931471824645996,
      "mean": 0.41162553429603577,
      "std": 0.14019446074962616
    },
    "created_at": {
      "min": 0.0,
      "max": 1.0,
      "mean": 0.6229174733161926,
      "std": 0.2612716555595398
    },
    "screen_name_length": {
      "min": 0.0,
      "max": 1.0,
      "mean": 0.687839686870575,
      "std": 0.22501225769519806
    },
    "name_length": {
      "min": 0.0,
      "max": 1.0,
      "mean": 0.2247474193572998,
      "std": 0.1388287991285324
    },
    "description_length": {
      "min": 0.0,
      "max": 1.0,
      "mean": 0.2952519953250885,
      "std": 0.28875696659088135
    },
    "followers_friends_ratio": {
      "min": 0.0,
      "max": 0.5383546352386475,
      "mean": 0.10390794277191162,
      "std": 0.038423117250204086
    },
    "default_profile_background_color": {
      "min": 0.0,
      "max": 1.0,
      "mean": 0.514891505241394,
      "std": 0.49980881810188293
    },
    "default_profile_sidebar_fill_color": {
      "min": 0.0,
      "max": 1.0,
      "mean": 0.7806103825569153,
      "std": 0.41385844349861145
    },
    "default_profile_sidebar_border_color": {
      "min": 0.0,
      "max": 1.0,
      "mean": 0.7535237073898315,
      "std": 0.4309854805469513
    },
    "has_url": {
      "min": 0.0,
      "max": 1.0,
      "mean": 0.23973526060581207,
      "std": 0.42694801092147827
    },
    "profile_background_image_url": {
      "min": 0.0,
      "max": 1.0,
      "mean": 0.48535358905792236,
      "std": 0.49981606006622314
    }
  },
  "trainingSize": 8159,
  "computedAt": "2026-04-07T02:24:30.224164"
}